model_family,provider,used_as_generator,used_as_judge,generation_raw_file,generation_file_last_modified,judge_raw_file,judge_file_last_modified,exact_generation_model_version,generation_model_version_source,exact_judge_model_version,judge_model_version_source,interface_api_or_web,interface_source,decoding_temperature,top_p,max_tokens,system_prompt
Anthropic Claude,Anthropic,True,True,SOURCE_PROJECT/810_data/AI生成的数据\claude.txt,2026-05-12T10:59:43,SOURCE_PROJECT/810_data/AI评分结果\claude.txt,2026-05-12T11:20:23,Anthropic Claude Sonnet 4.6,user-confirmed generators used the same exact model labels as judges in conversation on 2026-05-13,Anthropic Claude Sonnet 4.6,user-provided judge-model table in conversation on 2026-05-13,web interface,user-confirmed all generation and judging used web interfaces in conversation on 2026-05-13,not recorded in frozen files,not recorded in frozen files,not recorded in frozen files,not recorded in frozen files
DeepSeek,DeepSeek,True,True,SOURCE_PROJECT/810_data/AI生成的数据\DEEPSEEK.txt,2026-05-12T10:16:01,SOURCE_PROJECT/810_data/AI评分结果\DEEPSEEK.txt,2026-05-12T11:27:40,DeepSeek-V4 Expert Mode,user-confirmed generators used the same exact model labels as judges in conversation on 2026-05-13,DeepSeek-V4 Expert Mode,user-provided judge-model table in conversation on 2026-05-13,web interface,user-confirmed all generation and judging used web interfaces in conversation on 2026-05-13,not recorded in frozen files,not recorded in frozen files,not recorded in frozen files,not recorded in frozen files
Google Gemini,Google,True,True,SOURCE_PROJECT/810_data/AI生成的数据\Gemini.txt,2026-05-12T10:35:56,SOURCE_PROJECT/810_data/AI评分结果\Gemini.txt,2026-05-12T11:26:02,Google Gemini 3.1 Pro,user-confirmed generators used the same exact model labels as judges in conversation on 2026-05-13,Google Gemini 3.1 Pro,user-provided judge-model table in conversation on 2026-05-13,web interface,user-confirmed all generation and judging used web interfaces in conversation on 2026-05-13,not recorded in frozen files,not recorded in frozen files,not recorded in frozen files,not recorded in frozen files
Zhipu GLM,Zhipu AI,True,True,SOURCE_PROJECT/810_data/AI生成的数据\GLM.txt,2026-05-12T10:34:08,SOURCE_PROJECT/810_data/AI评分结果\GLM.txt,2026-05-12T11:41:30,Zhipu GLM-5.1,user-confirmed generators used the same exact model labels as judges in conversation on 2026-05-13,Zhipu GLM-5.1,user-provided judge-model table in conversation on 2026-05-13,web interface,user-confirmed all generation and judging used web interfaces in conversation on 2026-05-13,not recorded in frozen files,not recorded in frozen files,not recorded in frozen files,not recorded in frozen files
OpenAI GPT,OpenAI,True,True,SOURCE_PROJECT/810_data/AI生成的数据\GPT.txt,2026-05-12T11:01:05,SOURCE_PROJECT/810_data/AI评分结果\GPT.txt,2026-05-12T11:21:42,OpenAI GPT-5.5 Thinking,user-confirmed generators used the same exact model labels as judges in conversation on 2026-05-13,OpenAI GPT-5.5 Thinking,user-provided judge-model table in conversation on 2026-05-13,web interface,user-confirmed all generation and judging used web interfaces in conversation on 2026-05-13,not recorded in frozen files,not recorded in frozen files,not recorded in frozen files,not recorded in frozen files
Moonshot Kimi,Moonshot AI,True,True,SOURCE_PROJECT/810_data/AI生成的数据\KIMI.txt,2026-05-12T10:14:58,SOURCE_PROJECT/810_data/AI评分结果\KIMI.csv,2026-05-12T11:31:37,Moonshot Kimi K2.6 Thinking,user-confirmed generators used the same exact model labels as judges in conversation on 2026-05-13,Moonshot Kimi K2.6 Thinking,user-provided judge-model table in conversation on 2026-05-13,web interface,user-confirmed all generation and judging used web interfaces in conversation on 2026-05-13,not recorded in frozen files,not recorded in frozen files,not recorded in frozen files,not recorded in frozen files
Mimo,Mimo,True,True,SOURCE_PROJECT/810_data/AI生成的数据\mimo.txt,2026-05-12T10:58:26,SOURCE_PROJECT/810_data/AI评分结果\mimo.txt,2026-05-12T11:58:45,Mimo v2.5 Pro,user-confirmed generators used the same exact model labels as judges in conversation on 2026-05-13,Mimo v2.5 Pro,user-provided judge-model table in conversation on 2026-05-13,web interface,user-confirmed all generation and judging used web interfaces in conversation on 2026-05-13,not recorded in frozen files,not recorded in frozen files,not recorded in frozen files,not recorded in frozen files
Alibaba Qwen,Alibaba,True,True,SOURCE_PROJECT/810_data/AI生成的数据\千问.txt,2026-05-12T10:59:06,SOURCE_PROJECT/810_data/AI评分结果\千问.txt,2026-05-12T11:55:44,Alibaba Qwen3.5 Thinking,user-confirmed generators used the same exact model labels as judges in conversation on 2026-05-13,Alibaba Qwen3.5 Thinking,user-provided judge-model table in conversation on 2026-05-13,web interface,user-confirmed all generation and judging used web interfaces in conversation on 2026-05-13,not recorded in frozen files,not recorded in frozen files,not recorded in frozen files,not recorded in frozen files
ByteDance Doubao,ByteDance,True,True,SOURCE_PROJECT/810_data/AI生成的数据\豆包.txt,2026-05-12T10:37:14,SOURCE_PROJECT/810_data/AI评分结果\豆包.txt,2026-05-12T11:25:28,ByteDance Doubao Expert,user-confirmed generators used the same exact model labels as judges in conversation on 2026-05-13,ByteDance Doubao Expert,user-provided judge-model table in conversation on 2026-05-13,web interface,user-confirmed all generation and judging used web interfaces in conversation on 2026-05-13,not recorded in frozen files,not recorded in frozen files,not recorded in frozen files,not recorded in frozen files
